ref,send_type,target_type,target_name,angle,link,status,sent_date,reply_status,notes
email-01,personal send,personal email/LinkedIn,,,https://f84c49587847aae2d38ee792763f89f2.ctonew.app/?ref=email-01,prepared-verified,,,Angle 1 or Angle 3 (owner picks); personalize one specific detail about the clinic before sending
email-02,personal send,personal email/LinkedIn,,,https://f84c49587847aae2d38ee792763f89f2.ctonew.app/?ref=email-02,prepared-verified,,,Angle 1 or Angle 3 (owner picks); personalize one specific detail about the clinic before sending
email-03,personal send,personal email/LinkedIn,,,https://f84c49587847aae2d38ee792763f89f2.ctonew.app/?ref=email-03,prepared-verified,,,Angle 1 or Angle 3 (owner picks); personalize one specific detail about the clinic before sending
email-04,personal send,personal email/LinkedIn,,,https://f84c49587847aae2d38ee792763f89f2.ctonew.app/?ref=email-04,prepared-verified,,,Angle 1 or Angle 3 (owner picks); personalize one specific detail about the clinic before sending
email-05,personal send,personal email/LinkedIn,,,https://f84c49587847aae2d38ee792763f89f2.ctonew.app/?ref=email-05,prepared-verified,,,Angle 1 or Angle 3 (owner picks); personalize one specific detail about the clinic before sending
email-06,personal send,personal email/LinkedIn,,,https://f84c49587847aae2d38ee792763f89f2.ctonew.app/?ref=email-06,prepared-verified,,,Angle 1 or Angle 3 (owner picks); personalize one specific detail about the clinic before sending
email-07,personal send,personal email/LinkedIn,,,https://f84c49587847aae2d38ee792763f89f2.ctonew.app/?ref=email-07,prepared-verified,,,Angle 1 or Angle 3 (owner picks); personalize one specific detail about the clinic before sending
email-08,personal send,personal email/LinkedIn,,,https://f84c49587847aae2d38ee792763f89f2.ctonew.app/?ref=email-08,prepared-verified,,,Angle 1 or Angle 3 (owner picks); personalize one specific detail about the clinic before sending
email-09,personal send,personal email/LinkedIn,,,https://f84c49587847aae2d38ee792763f89f2.ctonew.app/?ref=email-09,prepared-verified,,,Angle 1 or Angle 3 (owner picks); personalize one specific detail about the clinic before sending
email-10,personal send,personal email/LinkedIn,,,https://f84c49587847aae2d38ee792763f89f2.ctonew.app/?ref=email-10,prepared-verified,,,Angle 1 or Angle 3 (owner picks); personalize one specific detail about the clinic before sending
reddit-vettech,community post,Reddit,r/vettech (vet techs; playbook section 2),Angle 1+3 value-first reply/post,https://f84c49587847aae2d38ee792763f89f2.ctonew.app/?ref=reddit-vettech,prepared-verified,,,Join as a human first; read subreddit rules; answer a real question; mention the demo once; disclose affiliation
reddit-veterinary,community post,Reddit,r/veterinary (vets and owners; playbook section 2),Angle 1+3 value-first reply/post,https://f84c49587847aae2d38ee792763f89f2.ctonew.app/?ref=reddit-veterinary,prepared-verified,,,Join as a human first; read subreddit rules; answer a real question; mention the demo once; disclose affiliation
fb-group-vetmanagers,community post,Facebook group,Owner picks exact group (playbook: vet practice manager / receptionist groups),Angle 1+3 value-first post,https://f84c49587847aae2d38ee792763f89f2.ctonew.app/?ref=fb-group-vetmanagers,prepared-verified,,,Join as a human first; read group rules; answer a real question; mention the demo once; disclose affiliation
partner-pims-1,partner email,PIMS/booking vendor,Vetstoria (placeholder from playbook section 2 - unverified),Angles 1+3 complement pitch,https://f84c49587847aae2d38ee792763f89f2.ctonew.app/?ref=partner-pims-1,prepared-verified,,,Owner confirms real contact + vendor name before sending; widget complements booking software; ask about marketplace listing
partner-pims-2,partner email,PIMS/booking vendor,ezyVet / IDEXX (placeholder from playbook section 2 - unverified),Angles 1+3 complement pitch,https://f84c49587847aae2d38ee792763f89f2.ctonew.app/?ref=partner-pims-2,prepared-verified,,,Owner confirms real contact + vendor name before sending; widget complements booking software; ask about marketplace listing
partner-pims-3,partner email,PIMS/booking vendor,Provet Cloud (placeholder from playbook section 2 - unverified),Angles 1+3 complement pitch,https://f84c49587847aae2d38ee792763f89f2.ctonew.app/?ref=partner-pims-3,prepared-verified,,,Owner confirms real contact + vendor name before sending; widget complements booking software; ask about marketplace listing
partner-pims-4,partner email,PIMS/booking vendor,PetDesk (placeholder from playbook section 2 - unverified),Angles 1+3 complement pitch,https://f84c49587847aae2d38ee792763f89f2.ctonew.app/?ref=partner-pims-4,prepared-verified,,,Owner confirms real contact + vendor name before sending; widget complements booking software; ask about marketplace listing
partner-pims-5,partner email,PIMS/booking vendor,Otto (placeholder from playbook section 2 - unverified),Angles 1+3 complement pitch,https://f84c49587847aae2d38ee792763f89f2.ctonew.app/?ref=partner-pims-5,prepared-verified,,,Owner confirms real contact + vendor name before sending; widget complements booking software; ask about marketplace listing
partner-answer-1,partner email,Answering service,Smith.ai (placeholder from playbook section 2 - unverified),Angles 1+3 before-story pitch,https://f84c49587847aae2d38ee792763f89f2.ctonew.app/?ref=partner-answer-1,prepared-verified,,,Owner confirms real contact before sending; they already monetize missed-call pain; referral relationship or honest before/after story
partner-answer-2,partner email,Answering service,PATLive (placeholder from playbook section 2 - unverified),Angles 1+3 before-story pitch,https://f84c49587847aae2d38ee792763f89f2.ctonew.app/?ref=partner-answer-2,prepared-verified,,,Owner confirms real contact before sending; they already monetize missed-call pain; referral relationship or honest before/after story
partner-answer-3,partner email,Answering service,AnswerForce (placeholder from playbook section 2 - unverified),Angles 1+3 before-story pitch,https://f84c49587847aae2d38ee792763f89f2.ctonew.app/?ref=partner-answer-3,prepared-verified,,,Owner confirms real contact before sending; they already monetize missed-call pain; referral relationship or honest before/after story
